cnpj_nome;contribuinte_icms;consumidor_final;endereco;bairro;cidade;uf;cep
00.000.000/0000-00 - CANGZHOU GREAT DRILL BITS CO. LTD;Não;Cons.Final;NO. 2, JIANSHE NORTH STREET, YINGZHOU ECONOMIC DEVELOPMENT ZONE;EXTERIOR;ABADIA DE GOIAS;GO;00000-000
00.000.000/0000-00 - ACKERMAN DRILLING SERVICES, LLC;Não;Cons.Final;LANGFIELD RD, HOUSTON, TX 77040, ESTADOS UNIDOS;EXTERIOR;EXTERIOR;EX;00000-000
00.000.000/0000-00 - TEXAS INTERNATIONAL OILFIELD TOOLS;Não;Exportacao;3035 EASTVELD DR, HOUSTON, TX 77073, ESTADOS UNIDOS;EXTERIOR;EXTERIOR;EX;00000-000
.   .   /    - - WIEDER ENERGY LTD;Não;Exportacao;KINGSWAY PALACE, 4TH FLOOR - FLAT 20, VL 115, MALTA;REPUBLIC STREET VALLETTA;EXTERIOR;EX;-
.   .   /    - - CLIENTE PADRAO;;Cons.Final;R...;;SIMOES FILHO;BA;-
00.223.060/0001-73 - USIMEQ USINAGEM MANUTENCAO DE EQUIPAMENTOS LTDA;Não;Cons.Final;AVENIDA RECONCAVO DOS CORAIS 241;MORADA DO RIBEIRAO;SAO MATEUS;ES;29936-360
00.271.847/0001-00 - IMETAME ENERGIA S.A;Sim;Cons.Final;RODOVIA DEMOCRITO MOREIRA 643;FATIMA;ARACRUZ;ES;29192-243
00.271.847/0008-87 - IMETAME ENERGIA SA;Não;Cons.Final;R VILA CAMACARI MGSR3 SN;MONTE GORDO - MONTE GORDO;CAMACARI;BA;42820-000
00.271.847/0010-00 - IMETAME ENERGIA SA;Não;Cons.Final;ROD ES 358 SN - KM 30;ZONA RUAL;ARACRUZ;ES;29900-970
00.271.847/0013-44 - IMETAME ENERGIA;Não;Cons.Final;FAZENDA DUAS PASSAGENS, ZONA RURAL;;BENEDITO LEITE;MA;-
00.900.849/0001-11 - UNIPER - HIDROGEOLOGIA E PERFURACOES LTD;Sim;Cons.Final;AV JOAO BATISTA MENDES FERRAZ 1981;PORTAL DAS LARANJEIRAS;ARARAQUARA;SP;14803-685
00.948.820/0001-00 - EBS- EMPRESA BRASILEIRA DE SANEAMENTO LT;Não;Cons.Final;R ISMAL 450 - TERREO;VILA AUREA;PONTA PORA;MS;79902-110
00.948.820/0004-52 - EBS- EMPRESA BRASILEIRA DE SANEAMENTO LT;Não;Cons.Final;TRAVESSA SERAFIM COSTA 181 - QUADRAG;GRUTA DE LOURDES;MACEIO;AL;57052-496
00.984.399/0001-92 - JEDEL INDUSTRIA E COMERCIO DE FERRAMENTA;Sim;Cons.Final;RUA JOAQUIM BRANCO 80;PARQUE MARAJOARA;SANTO ANDRE;SP;09112-010
01.130.764/524 - - TESTE;Não;Cons.Final;.;.;ABARE;BA;-
01.458.040/0001-44 - ITAPOCOS POCOS ARTESIANOS ITABIRA NASCIM;Não;Cons.Final;R ISRAEL PINHEIRO 546 - C;MAJOR LAGE DE CIMA;ITABIRA;MG;35900-401
01.563.759/0001-45 - EDVED SERVICOS ELETRICOS LTDA;Não;Cons.Final;RUA JOSE MARIANE 350;BOA VISTA;CATU;BA;48110-000
02.161.763/0001-40 - EPLATA LTDA;Não;Cons.Final;RUA NOSSA SENHORA DA CONCEICAO 145 CENTRO APODI - RN;CENTRO;APODI;RN;59700-000
02.277.651/0001-59 - BITELA COMERCIO INTERNACIONAL LTDA;Sim;Cons.Final;R DO CARMO 17 - ANDAR 7 ANDAR - PARTE;CENTRO;RIO DE JANEIRO;RJ;20011-020
02.332.886/0001-04 - XP INVESTIMENTOS CORRETORA DE CAMBIO TIT;Não;Cons.Final;AVENIDA ATAULFO DE PAIVA 00153 - SAL 201;LEBLON;RIO DE JANEIRO;RJ;22440-032
02.410.971/0001-35 - METALURGICA BJ LTDA;Não;Cons.Final;RUA DESENBANCO SN;CIS;FEIRA DE SANTANA;BA;44010-635
02.421.836/0001-95 - TRANSUCATA COMERCIO E SERVICO DE METAIS;Não;Cons.Final;RUA CORONEL JOSE RODOLFO PEREIRA DE SOUZA;VALERIA;SALVADOR;BA;41301-335
03.255.266/0003-35 - PRIO BRAVO LTDA;Não;Cons.Final;V 5 PROJETADA SN - LOTE A12 D;PRAIA DO ACU;SAO JOAO DA BARA;RJ;28200-000
03.255.266/0004-16 - PRIO BRAVO LTDA;Não;Cons.Final;VIA 5 PROJETADA SN - LOTE A12 PARTE D;PRAIA DO ACU;SAO JOAO DA BARA;RJ;28200-000
03.341.769/0001-61 - CRISTAL POCOS ARTESIANOS LTDA;Não;Cons.Final;R HERMES DA FONSECA 400 - D;SAO CRISTOVAO;CHAPECO;SC;89804-015
03.342.704/0001-30 - PETRORECONCAVO SA;Sim;Cons.Final;ESTRADA DO VINTE MIL KM 35 SN;MATA DE SAO JOAO;MATA DE SAO JOAO;BA;48280-000
03.342.704/0004-83 - PETRORECONCAVO SA;Sim;Cons.Final;AVENIDA LAURO MONTE 1010 - SALA 1;ABOLICAO;MOSSORO;RN;59619-000
03.637.940/850 - - JOSÉ CARLOS ESPREAFICO;Não;Cons.Final;RUA RUI BARBOSA;CENTRO;NOVA ALIANCA;SP;15210-019
03.836.739/0001-26 - MAISATIVO INTERMEDIACAO DE ATIVOS LTDA;Não;Cons.Final;AV ENGENHEIRO LUIZ CARLOS BERRINI 105 - ANDAR 4 PARTE;CIDADE MONCOES;SAO PAULO;SP;45710-10
03.951.809/0002-78 - PETROSYNERGY LTDA;Não;Cons.Final;R RICARDO LIMA 67;AEROPORTO II;MOSSORO;RN;59607-720
03.951.809/0003-59 - PETROSYNERGY LTDA;Não;Cons.Final;FAZ COMECO SN - : LOCALIDADE D RIACHAO;ZONA RURAL;CATU;BA;48110-000
03.951.809/0005-10 - PETROSYNERGY LTDA;Não;Cons.Final;R GUIOMAR OMENA SN;PETROPOLIS;MACEIO;AL;57062-640
03.994.017/0001-08 - TECNOAGUA INDUSTRIA COMERCIO IMPORTACAO;Não;Cons.Final;PROFESSORA ERGILIA MICELLI 150;JARDIM REGINA;ARARAQUARA;SP;14808-110
04.028.982/0001-80 - VALMAC SERVICOS EM EQUIPAMENTOS PARA PET;Sim;Cons.Final;RODOVIA AMARAL PEIXOTO 281;IMPERIAL;RIO DAS OSTRAS;RJ;28898-000
04.191.808/0001-54 - TECMASTER ENGENHARIA E CONSTRUCOES LTDA;Não;Cons.Final;R DOM VITAL 115 - SALA 18;FAROL;MACEIO;AL;57051-200
04.383.583/0001-38 - FORJA BAHIA LTDA;Não;Cons.Final;VIA IPITANGA 329;CIA;SIMOES FILHO;BA;43700-000
04.423.567/0009-89 - ENEVA SA;Sim;Cons.Final;FAZ BR 135 KM 285 SN;ZONA RURAL;SANTO ANTONIO DOS LOPES;MA;65730-000
04.423.567/0012-84 - ENEVA SA;Não;Cons.Final;DIREITA DA ESTRADA DA VARZEA SN - KM 12;ZONA RURAL;SILVES;AM;69114-000
04.487.080/0001-02 - CONTERP SERVICOS TECNICOS LTDA;Não;Cons.Final;RUA JOSE VISCO S/N;PIONEIRO;CATU;BA;48110-000
04.487.080/0002-93 - CONTERP SERVICOS TECNICOS LTDA;Não;Cons.Final;R FREDERICO SIMOES 000125 - SALA 501 EDIF LIZ EMPRESARIA;CAMINHO DAS ARVORES;SALVADOR;BA;41820-774
04.487.080/0003-74 - CONTERP SERVICOS TECNICOS LTDA;Não;Cons.Final;RUA DA ESTACAO SN - KM RODOVIA BR 101;ZONA RURAL;MARUIM;SE;49770-000
04.632.601/0001-78 - HIDROSUPPLY EQUIPAMENTOS E SERVICOS LTDA;Não;Cons.Final;AVENIDA AMARILIO THIAGO DOS SANTOS 1630 - A;VILA PRAIANA;LAURO DE FREITAS;BA;42700-130
05.002.889/0004-02 - MANDACARU ENERGIA LTDA;Não;Cons.Final;R BIANOR DO LAGO CAMARA 110;NOVA BETANIA;MOSSORO;RN;59607-480
05.163.645/0001-69 - TINTORI POCOS ARTESIANOS LTDA;Sim;Cons.Final;AVENIDA PREFEITO SAMUEL BATISTA CRUZ 2102;SHELL;LINHARES;ES;29901-552
05.626.349/0001-57 - V B M FEITOSA LTDA;Sim;Cons.Final;RUA LUZIMAR 56;BOCA DA  MATA DE VALERIA;SALVADOR;BA;41298-580
06.164.592/0001-63 - D. S. RIO VEDACOES LTDA;Sim;Cons.Final;RUA GENERAL VENANCIO FLORES 43/55;25 DE AGOSTO;DUQUE DE CAXIAS;RJ;25071-230
06.235.572/0001-36 - RECONCAVO E P SA;Não;Cons.Final;ESTRADA DO VINTE MIL KM 35 - ESTACAO S ROQUE PARTE;MATA DE SAO JOAO;MATA DE SAO JOAO;BA;48280-000
06.971.128/0003-40 - NOVA COATING TECNOLOGIA COMERCIO E SERVI;Não;Cons.Final;AV JURACY MAGALHAES 428 JD PETROLAR;CENTRO;ALAGOINHAS;BA;48040-210
07.065.754/0001-79 - FIVE STAR OFFSHORE SERVICOS E LOCACOES L;Não;Cons.Final;ESTRADA SAO JOSE SN - SALA 02;IMBOASSICA;MACAE;RJ;27925-540
07.065.754/0003-30 - FIVE STAR OFFSHORE SERVICOS E LOCACOES L;Não;Cons.Final;ANDRE MARINS 200 - SALA 4 SHOPPING POJUCA;NOVA POJUCA;POJUCA;BA;48120-000
07.099.705/0001-57 - CHS ENGENHARIA DE SERVICOS LTDA;Não;Cons.Final;RUA LUIS ROLA 25;PRES COSTA E SILVA;MOSSORO;RN;59626-300
07.100.026/0001-50 - RFR COMERCIO E RECICLAGEM DE RESIDUOS LT;Não;Cons.Final;R JOSE MARQUES PRATA 105;VILA DO PALACIO;GUARULHOS;SP;70340-90
07.212.951/0001-73 - VALDINEIA BATISTA MOTA FEITOSA;Sim;Cons.Final;RUA BOCA DA MATA 60;VALERIA;SALVADOR;BA;41300-460
07.255.673/0001-31 - CONSORCIO BT-POT-34;Não;Cons.Final;AV PRESIDENTE DUTRA 3300 - LETRA B PARTE;PLANALTO TREZE DE MAIO;MOSSORO;RN;59633-065
07.461.344/0001-47 - AGRO INDUSTRIAL CAPELA LTDA;Sim;Cons.Final;FAZENDA TAQUARI S/N;ZONA RURAL;CAPELA;SE;49700-000
07.498.296/0005-95 - GREAT OIL PERFURACOES NORDESTE LTDA;Não;Cons.Final;ROD BA 093 KM43 SN - PARTE 2;STAR;POJUCA;BA;48120-000
07.498.296/0007-57 - GREAT OIL PERFURACOES NORDESTE LTDA;Não;Cons.Final;AV AV CORONEL MANOEL INACIO 302 - LOTE PARTE B;AEROPORTO;TRIZIDELA DO VALE;MA;65727-000
07.498.296/0009-19 - GREAT OIL PERFURACOES NORDESTE LTDA;Não;Cons.Final;V MARIA TELES LEITE SN - QUADRAUNICA - PARTE A;MASSACARA;CARMOPOLIS;SE;49740-000
07.638.024/0001-10 - IMAGEM ENGENHARIA E MEIO AMBIENTE LTDA;Não;Cons.Final;R 2 35 - CASA A CONJ CASTELO BRANCO;PARQUE 10;MANAUS;AM;69055-200
07.658.426/0002-67 - SPB - SERVICOS DE PETROLEO BRASILEIRO LT;Não;Cons.Final;BIANOR DO LAGO CAMARA 110;NOVA BETANIA;MOSSORO;RN;59607-480
07.908.484/0001-10 - BATALHA CONSTRUCOES LTDA;Não;Cons.Final;RUA 15 65 - QD 33;VILLAGIO DO COHATRAC V;SAO JOSE DE RIBAMAR;MA;65110-000
08.091.102/0003-33 - OCYAN SA;Não;Cons.Final;RODOVIA AMARAL PEIXOTO - KM 167 FZ SAO JOSE MUTUM - PARTE;IMBOASSICA;MACAE;RJ;27925-290
08.220.952/0008-07 - RCS TECNOLOGIA LTDA;Não;Cons.Final;R PAU DARCO 103;NOVA POJUCA;POJUCA;BA;48120-000
08.839.018/0001-93 - BRASIL REFINARIAS LTDA;Não;Cons.Final;V PERIFERICA I 98999A;CIA SUL;SIMOES FILHO;BA;43700-000
08.900.316/0001-41 - VRV EQUIPAMENTOS HIDRAULICOS E MECANICOS;Não;Cons.Final;AVENIDA LUIZ CARLOS DE ALMEIDA 11;GRANJA DOS CAVALEIROS;MACAE;RJ;27930-050
09.309.027/0004-88 - PERENCO PETROLEO E GAS DO BRASIL LTDA;Sim;Cons.Final;RUA TEIXEIRA DE GOUVEIA 989;CENTRO;MACAE;RJ;27910-110
09.617.378/0001-03 - O REI DA REFORMA DE BROCAS LTDA;Não;Cons.Final;TRAVESSA 1 202;CIA I;SIMOES FILHO;BA;43700-000
10.492.453/0001-36 - NEWO OLEO E GAS LTDA;Não;Cons.Final;AV RIO BRANCO 00045 - SAL 808;CENTRO;RIO DE JANEIRO;RJ;20090-908
10.492.453/0002-17 - NEWO OLEO E GAS LTDA;Não;Cons.Final;RUA SAO JUDAS TADEU;ALTO DAS POMBAS;ITAPARICA;BA;44460-000
10.550.896/0001-36 - AMBIPAR RESPONSE ENVIRONMENTAL SERVICES;Sim;Cons.Final;RUA MANOEL FEU SUBTIL 60;ENSEADA DO SUA;VITORIA;ES;29050-400
10.725.679/0001-30 - J PATRICIO METAIS COMERCIO LTDA;Não;Cons.Final;AV WILSON ROSADO 157 - BR 304;ALTO SUMARE;MOSSORO;RN;59633-730
10.725.679/0002-10 - J PATRICIO METAIS COMERCIO LTDA;Sim;Cons.Final;ROD BR 110 SN - PASSAGEM DE OITICICA;ZONA RURAL;MOSSORO;RN;59600-010
10.854.696/0001-77 - GALAHAD BRASIL CONSTRUCOES E INCORPORACO;Não;Cons.Final;R SANTA ISABEL (SITIO CAMPINAS) 16;SAO FRANCISCO;SAO LUIS;MA;65076-780
10.941.603/0002-22 - BRASERV PETROLEO LTDA;Não;Cons.Final;RUA RANIERI BARBOSA PAIVA 753;DOM JAIME CAMARA;MOSSORO;RN;59628-803
10.941.603/0003-03 - BRASERV PETROLEO LTDA;Não;Cons.Final;R LISBOA 12 - QUADRA06 CONJ CAMPOS ELISIOS I;PLANALTO;MANAUS;AM;69045-120
10.941.603/0005-75 - BRASERV PETROLEO LTDA;Não;Cons.Final;10AV RUBENS CANUTO SN;CHA DO PILAR;PILAR;AL;57150-000
10.941.603/0006-56 - BRASERV PETROLEO LTDA;Não;Cons.Final;R PAULO DIAS DE SANTANA 226;MANOEL JOVENTINO MAGALHAES;CARMOPOLIS;SE;49740-000
11.058.804/0007-53 - PETRO RIO O G EXPLORACAO E PRODUCAO DE P;Não;Cons.Final;V 5 PROJETADA SN - PARTE LOTE A12;PRAIA DO ACU;SAO JOAO DA BARRA;RJ;28200-000
11.102.435/0001-63 - ENGEPER ENGENHARIA E PERFURACOES LTDA;Não;Cons.Final;A RURAL SN;AREA RURAL DE GARCA;GARCA;SP;17408-899
11.210.501/0001-19 - EPG BRASIL LTDA;Não;Cons.Final;R MILTON EMILIO DE GOES FILHO 132;GRAGERU;ARACAJU;SE;49027-260
11.230.625/0001-66 - SPE TIETA LTDA;Não;Cons.Final;AV JOAO CABRAL DE MELLO NETO 00400 - SAL 503 SAL 504;BARRA DA TIJUCA;RIO DE JANEIRO;RJ;22775-057
11.230.625/0003-28 - SPE TIETA LTDA;Não;Cons.Final;ROD BA 093 SN - KM 45 LOTE 01 QD A LOTEAMENTO VIVER;STAR;POJUCA;BA;48120-000
11.230.625/0005-90 - SPE TIETA LTDA;Não;Cons.Final;R POVOADO LAGOA REDONDA SN;LAGOA REDONDA;PIRAMBU;SE;49190-000
11.895.432/0001-24 - GREAT OIL PERFURACOES BRASIL LTDA;Não;Cons.Final;AV JOAO CABRAL DE MELLO NETO 400 - SALA: 1504 PARTE;BARRA DA TIJUCA;RIO DE JANEIRO;RJ;22775-057
11.895.432/0003-96 - GREAT OIL PERFURACOES BRASIL LTDA;Não;Cons.Final;AVENIDA AV CORONEL MANOEL INACIO 302;AEROPORTO PARTE A;PRESIDENTE DUTRA;MA;65727-000
11.895.432/0004-77 - GREAT OIL PERFURACOES BRASIL LTDA;Não;Cons.Final;RODOVIA BA 093 - KM 43 PARTE 1;STAR;POJUCA;BA;48120-000
11.944.627/0001-17 - SANTANA EXPLORACAO E PRODUCAO DE OLEO E;Não;Cons.Final;AV AYRTON SENNA 2200 - BLOCO: 1 ANDAR: 1 PARTE;BARRA DA TIJUCA;RIO DE JANEIRO;RJ;22775-003
11.944.627/0002-06 - SANTANA EXPLORACAO E PRODUCAO DE OLEO E;Não;Cons.Final;RUA DOS JASMINS 114;PLANALTO II;CATU;BA;48110-000
12.431.641/0001-80 - DELTA P COMERCIO E SERVICO DE INSTRUMENTACAO INDUS;Não;Cons.Final;AVENIDA LUIZ TARQUINIO PONTES 1821;PITANGUEIRAS;LAURO DE FREITAS;BA;42701-450
13.127.506/0001-08 - PERPEC OILFIELD SUPPLY EXPORTACAO E IMP;Sim;Revendedor;RUA ALTO DO BOM VIVER 81;CHACARAS BOM VIVER;SIMOES FILHO;BA;43700-000
13.127.506/0004-50 - PERPEC OILFIELD SUPPLY EXP E IMP DE MAQU;Sim;Revendedor;TRAVESSA 1 SANTO IRINEU S/N;CHACARAS BOM VIVER;SIMOES FILHO;BA;43700-000
13.647.862/0001-52 - HIDROCON-HIDROGEOLOGOS CONSULTORES LTDA;Não;Cons.Final;AV TANCREDO NEVES 1632 - EDF SALVADOR T CENTER TORRE SUL SALAS 405 E 406;CAMINHO DAS ARVORES;SALVADOR;BA;41820-020
14.399.699/0001-19 - CRL COMERCIO E SERVICOS PARA PETROLEO LT;Não;Cons.Final;AV PREFEITO CELSO ALVES PINHEIRO DA SILVA 103 - QD 08 EDF REVI CENTER SL 306;CENTRO;LAURO DE FREITAS;BA;42702-580
14.735.941/0001-88 - PETREVEN DO BRASIL SERVICOS DE PETROLEO;Não;Cons.Final;R RAIMUNDO LEAO DE MOURA 196 LOJA 17 SALA 01 SETOR 1;NOVA BETANIA;MOSSORO;RN;59611-320
14.735.941/0002-69 - PETREVEN;Sim;Revendedor;ROD RODOVIA BR 110 SN - LOTE QD3 LT 13 14 15;CURRALINHO - CURRALINHO;SAO SEBASTIAO DO PASSE;BA;43850-000
15.031.293/0001-41 - EMPRESA BRASILEIRA DE SERVICOS E PERFURA;Não;Cons.Final;AV INDUSTRIAL DEHUEL VIEIRA DINIZ SN - KM: 317;SANTA JULIA;MOSSORO;RN;59623-300
15.126.451/0002-28 - PERBRAS EMPRESA BRASILEIRA DE PERFURACOE;Não;Cons.Final;R EUGENIO NARCISO BARBOSA SN - CONTRATO NORTE;PIONEIRO -SALA 01;CATU;BA;48110-000
15.126.451/0012-08 - PERBRAS EMPRESA BRASILEIRA DE PERFURACOE;Não;Cons.Final;R EUGENIO NARCISO BARBOSA SN - CONTRATO SUL;PIONEIRO- SALA 02;CATU;BA;48110-000
15.126.451/0013-80 - PERBRAS EMPRESA BRASILEIRA DE PERFURACOE;Não;Cons.Final;RUA EUGENIO NARCISO BARBOSA - OS-CATU OS MIRANGA;PIONEIRO-SALA 04;CATU;BA;48110-000
15.126.451/0018-95 - PERBRAS EMPRESA BRASILEIRA DE PERFURACOE;Não;Cons.Final;RUA EUGENIO NARCISO BARBOSA - CONTPETRORECONCAVO;PIONEIRO-SALA 03;CATU;BA;48110-000
15.126.451/0032-43 - PERBRAS EMPRESA BRASILEIRA DE PERFURACOE;Não;Cons.Final;RUA JOSE VISCO 370;PIONEIRO;CATU;BA;48110-000
15.126.451/0036-77 - PERBRAS EMPRESA BRASILEIRA DE PERFURACOE;Não;Cons.Final;AVENIDA COMENDADOR FRANCISCO DE AMORIM LEAO 364 - QUADRAI SALA 101;PINHEIRO;MACEIO;AL;57057-780
15.240.822/0007-02 - ALVOPETRO SA EXTRACAO DE PETROLEO E GAS;Não;Cons.Final;EST DO VINTE MIL SN - KM 4 5;ZONA RURAL;MATA DE SAO JOAO;BA;48280-000
15.594.013/0001-03 - PERICIA ENGENHARIA E CONSTRUCAO LTDA;Não;Cons.Final;R VER JOAO CALAZANS 98;TREZE DE JULHO;ARACAJU;SE;49020-030
15.742.639/0002-09 - CONSTRUTORA E PRESTADORA DE SERVICOS EURO LTDA;Não;Cons.Final;RUA JBC11 S/N;RES BRASIL CENTRAL;GOIANIA;GO;74370-630
16.607.122/0002-61 - NOVA PETROLEO SA - EXPLORACAO E PRODUCAO;Não;Cons.Final;RUA JOSE VISCO 716 - SALA 1;PIONEIRO;CATU;BA;48110-000
16.690.009/0002-92 - SLIM DRILLING SERVICOS DE PERFURACAO S.A;Sim;Cons.Final;RUA VICENTE PAULO DE MEDEIROS S/N;PLANALTO I;CATU;BA;48110-000
17.300.096/0001-06 - HIDROPOCOS LTDA;Sim;Cons.Final;RUA AGENERIO ARAUJO 395;CAMARGOS;BELO HORIZONTE;MG;30520-220
18.957.968/0001-76 - PETROBORN OLEO E GAS S.A;Sim;Cons.Final;RUA ORESTES GUIMARAES 876;AMERICA;JOINVILLE;SC;89204-060
18.957.968/0002-57 - PETROBORN OLEO E GAS S.A;Sim;Cons.Final;FAZENDA IRAI, AREA RURAL S/N;ZONA RURAL;OURICANGAS;BA;48150-000
19.293.040/0003-69 - SELTEN PARTICIPACOES S.A.;Sim;Cons.Final;AVENIDA FELIPE CAMARAO 5000;AEROPORTO;MOSSORO;RN;59607-340
19.336.522/0001-97 - SUBSEA DRILLING DO BRASIL LTDA;Sim;Cons.Final;ESTRADA HELIO ROSA DOS SANTOS S/N;IMBOASSICA;MACAE;RJ;27925-540
19.336.522/0002-78 - SUBSEA DRILLING DO BRASIL LTDA;Não;Cons.Final;AV PRESIDENTE DUTRA 880 - LOJA 08 BLOCO A;ALTO DE SAO MANOEL;MOSSORO;RN;59628-000
20.003.699/0001-50 - FS INDUSTRIA DE BIOCOMBUSTIVEIS LTDA;Sim;Cons.Final;EST LINHA 1A A 900 METROS DO KM 07 DA AVENIDA DAS INDUSTRIAS SN;DISTRITO INDUSTRIAL SENADOR ATILIO FONTA;LUCAS DO RIO VERDE;MT;78455-000
20.975.005/0001-47 - HIDRASPER POCOS ARTESIANOS LTDA;Não;Cons.Final;RUA JOAO ANGELO ROCHA 1425;CHACARAS TREVO;DOURADOS;MS;79815-312
22.079.956/0001-63 - METROTOKYO INSTRUMENTOS DE PRECISAO LTDA;Sim;Cons.Final;AVENIDA REGENTE FEIJO 944, CONJ 1502 BL B;VILA REGENTE FEIJO;SAO PAULO;SP;03342-000
22.369.569/0003-23 - GREAT SOLUTIONS SA;Não;Cons.Final;ROD BA 093 KM43 SN - PARTE 3;STAR;POJUCA;BA;48120-000
22.768.840/0001-31 - CONSTRUTORA ETAM LTDA;Não;Cons.Final;AVENIDA MARGARITA 420;NOVA CIDADE;MANAUS;AM;69097-305
22.881.417/0002-24 - BARRA BONITA OLEO E GAS LTDA;Não;Cons.Final;EST PR 239 KM 27 SN - EST DE PITANGA A MATO RIC;BARRA BONITA;PITANGA;PR;85200-973
23.018.639/0005-23 - 3R BAHIA SA;Não;Cons.Final;FAZENDA USINA SAO PAULO SN;CAMPO DE CANDEIAS;SAO FRANCISCO DO CONDE;BA;43900-000
23.777.867/0001-53 - BAHIA SOLDAS MANUTEN;Sim;Cons.Final;ESTRADA DE CAMPINAS 2458;CAMPINAS DE PIRAJA;SALVADOR;BA;41275-410
23.923.453/0001-95 - RECONCAVO ENERGIA LTDA;Não;Cons.Final;RUA JACOBINA 160 - EDIF MAXIMINO PEREZ GARRIDO S105;RIO VERMELHO;SALVADOR;BA;41940-160
24.604.414/0002-79 - GREAT ENERGY SA;Não;Cons.Final;RODOVIA BA 093 KM43 - PARTE 4;STAR;POJUCA;BA;48120-000
25.315.943/0002-15 - ENERGIZZI ENERGIAS DO BRASIL LTDA;Não;Cons.Final;CAMPO SOL NASCENTE;FAZENDA SOL NASCENTE;POJUCA;BA;48120-000
26.569.503/0001-76 - PROATIVO PARTS LTDA;Não;Cons.Final;RUA SENHOR DOS PASSOS 57;DENDEZEIROS;VALENCA;BA;45400-000
27.562.785/0001-42 - L G POCOS TUBULARES LTDA;Sim;Revendedor;RUA PROFESSORA ERGILIA MICELLI, 292;JARDIM REGINA;ARARAQUARA;SP;14808-110
28.163.588/0001-13 - PETRO-VICTORY ENERGIA LTDA;Não;Cons.Final;AV FLORESTAL 555 - SALA 11 E 12;SEGATO;ARACRUZ;ES;29192-154
28.163.588/0002-02 - PETRO-VICTORY ENERGIA LTDA;Não;Cons.Final;FAZENDA PALMEIRAS SN;POVOADO SAO JOAO;PRIMEIRA CRUZ;MA;65190-000
28.163.588/0003-85 - PETRO-VICTORY ENERGIA LTDA;Não;Cons.Final;RUA ARTUR PAULA 2;NOVA BETANIA;MOSSORO;RN;59612-120
28.850.364/0001-80 - CARVALHO E CORREIA SERVIÇOS E COM LTDA;Não;Cons.Final;RODOVIA BA 420 06;PARQUE DE VAQUEJADA;POJUCA;BA;48120-000
29.019.399/0002-15 - NTF OLEO   GAS SA;Não;Cons.Final;AVENIDA LUIS VIANA FILHO 13223 - SALA 4;SAO CRISTOVAO;SALVADOR;BA;41500-300
29.140.007/0001-90 - GEOFEX TECNOLOGIAS LTDA;Não;Cons.Final;R RIBEIROPOLIS 298;SUICA;ARACAJU;SE;49052-360
29.341.672/0001-42 - FSC BRASIL COMERCIO DE SUP. NDUS.LTDA;Sim;Revendedor;RUA AVARE 01109;CAMPO GRANDE;RIO DE JANEIRO;RJ;23045-000
29.618.214/0001-08 - CARLOS AUGUSTO DOS SANTOS SERVICOS;Sim;Cons.Final;RUA VENEZUELA 30;CHACARA DALTRO;ARARAS;SP;13600-310
29.829.452/0001-62 - TUCANO SERVICOS DE APOIO A OLEO E GAS LT;Não;Cons.Final;RUA JJ SEABRA 182 - SALA 3;CENTRO;POJUCA;BA;48120-000
29.829.452/0002-43 - TUCANO SERVICOS DE APOIO A OLEO E GAS LT;Não;Cons.Final;RUA PROFESSOR JOSE DA SILVEIRA CAMERINO 880 - COND EMP BELO HORIZONTE SALA 124 Q;PINHEIRO;MACEIO;AL;57057-250
29.829.452/0003-24 - TUCANO SERVICOS DE APOIO A OLEO E GAS LT;Não;Cons.Final;R DONA MARIINHA MENDES 03;ALTO DE SAO MANOEL;MOSSORO;RN;59631-220
29.829.452/0005-96 - TUCANO SERVICOS DE APOIO A OLEO E GAS LT;Não;Cons.Final;RUA GILBERTO AMARAL LOPES SN;OTAVIO ACIOLE SOBRAL;CARMOPOLIS;SE;49740-000
29.922.898/0001-37 - JC SERVICOS METALURGICA LTDA;Sim;Cons.Final;RUA VEREADOR MURILO FUNDAO 162;BOA VISTA;SAO MATEUS;ES;29931-490
30.759.670/0001-57 - POTIGUAR E P SA;Não;Cons.Final;AV LAURO MONTE 1010;ABOLICAO;MOSSORO;RN;59619-000
30.862.521/0001-19 - ALIANCA COMERCIO IMPORTACAO E EXPORTACAO LTDA;Não;Cons.Final;RUA PROJETADA TREZE S/N;CORAMARA;AFONSO CLAUDIO;ES;29313-364
31.804.966/0024-00 - COOPERATIVA DE CREDITO COOPERMAIS - SICO;Não;Cons.Final;AVENIDA MANOEL DIAS DA SILVA 1721 - PAVMTO1;PITUBA;SALVADOR;BA;41830-000
31.881.509/0001-14 - CONSORCIO DA UNIDADE;Não;Cons.Final;RODOVIA BA-099 - ESTRADA DO COCO - RUA VILA CAMACARI;BARRA DO POJUCA MONTE GORDO;CAMACARI;BA;42841-364
32.021.201/0001-61 - ORIGEM ENERGIA SA;Não;Cons.Final;RUA LAURO MULLER N 116 SALA 4402 DO RIO DE JANEIRO;Botafogo;RIO DE JANEIRO;RJ;22290-160
32.137.521/0002-62 - PETROM PRODUCAO DE PETROLEO   GAS LTDA;Sim;Cons.Final;FAZENDA PEDRA SN;ZONA RURAL;SANTO AMARO DAS BROTAS;SE;49180-000
33.000.167/0001-01 - PETROLEO BRASILEIRO S A PETROBRAS;Não;Cons.Final;AV REPUBLICA DO CHILE 65;CENTRO;RIO DE JANEIRO;RJ;20031-170
33.000.167/0236-67 - PETROLEO BRASILEIRO S A PETROBRAS;Sim;Cons.Final;FAZENDA MODELO S N;FAZENDA MODELO;CATU;BA;48110-000
33.400.769/0001-56 - CREATIVE ENERGY SERVICOS E EXPLORACAO LT;Não;Cons.Final;AVENIDA RIO BRANCO 001 - GRUPO 1502;CENTRO;RIO DE JANEIRO;RJ;20090-907
33.443.860/0003-10 - 3R MACAU SA;Não;Cons.Final;ESTRADA MACAU A BARREIRAS 21;ZONA LITORANEA;MACAU;RN;59500-000
34.186.669/0003-01 - ORIGEM ENERGIA ALAGOAS S.A.;Sim;Cons.Final;RODOVIA 316, ACESSO FAZENDA LAMARAO, PARTE I SN;ZONA RURAL;PILAR;AL;57150-000
34.186.669/0004-84 - ORIGEM ENERGIA ALAGOAS SA;Sim;Cons.Final;ROD CAPITAO PEDRO TEIXEIRA BR 316 1753;FAZENDA VILA NOVA;PILAR;AL;57150-000
34.187.591/0001-70 - BRASFORJA INDUSTRIA E COMERCIO DE CONEXO;Não;Cons.Final;VALE VLE TORRES - GP 6;CIA;SIMOES FILHO;BA;43700-000
34.376.079/0001-71 - AJAD USINAGENS ESPECIALIZADAS LTDA;Não;Cons.Final;RUA DA ASSEMBLEIA DA CEASA 22 - GALPAO;CEASA;SALVADOR;BA;41402-260
34.969.070/0001-74 - CEM METAIS DESMONTAGEM INDUSTRIAL E EXPO;Não;Cons.Final;R MIRANDA AZEVEDO 730 - QUADRAZ;CENTRO;SOROCABA;SP;18035-090
35.121.301/0001-58 - HSP POCOS ARTESIANOS LTDA;Não;Cons.Final;RUA VEREADOR MARCELINO DA SILVA BRAGA 180;DISTRITO INDUSTRIAL DOIS;BOA ESPERANCA DO SUL;SP;14930-000
35.156.290/0002-22 - 3R RIO VENTURA SA;Não;Cons.Final;R JOSE VISCO 585;PIONEIRO;CATU;BA;48110-000
35.297.380/0001-52 - IOSENERGY DO BRASIL TECNOLOGIA PARTICIPA;Não;Cons.Final;R ENGENHEIRO CESAR DE MENDONCA 00150;BARRA DA TIJUCA;RIO DE JANEIRO;RJ;22640-140
36.293.264/0001-28 - GLOBOMAR COMERCIAL LTDA;Não;Cons.Final;AV PREF ARISTEU F DA SILVA 900;NOVO CAVALEIROS;MACAE;RJ;27930-070
38.298.703/0001-10 - DIRECTADRILL SERVICOS DE PERFURACAO DIRE;Sim;Cons.Final;R CHICO TEOFILO 298;AEROPORTO;MOSSORO;RN;59607-520
40.102.135/0001-82 - HB CONSTRUCAO E PERFURACAO HORIZONTAL LTDA;Sim;Cons.Final;AVENIDA PEDRO PAES DE AZEVEDO 225;SALGADO FILHO;ARACAJU;SE;49020-450
40.561.235/0001-77 - METALDRILLING OILFIELD SUPPLY EXPORTACAO E IMPORTA;Sim;Cons.Final;RODOVIA BR 324 S/N;CIA/ARATU;SIMOES FILHO;BA;43700-000
40.602.633/0001-94 - ETEP INDUSTRIA METALURGICA LTDA;Não;Cons.Final;R MARTINIANO BONFIM 283 - ESTRADA VELHA DO RETIRO;RETIRO;SALVADOR;BA;41150-205
40.768.701/0001-90 - SPE MIRANGA SA;Não;Cons.Final;AV LUIS VIANA FILHO 013223 - EDIF HANGAR BUSINESS PARK HANGAR 3 SALA 401 A 420;SAO CRISTOVAO;SALVADOR;BA;41500-300
41.952.235/0001-60 - SUL AMERICA ENGENHARIA LTDA;Não;Cons.Final;AVENIDA HEMATITA 585;DISTRITO INDUSTRIAL;ITABIRA;MG;35903-051
41.955.491/0002-92 - CARMO ENERGY SA;Sim;Cons.Final;EST ENGENHO SOLEDADE BR 101 SN - KM 48-50;ZONA RURAL;JAPARATUBA;SE;49960-000
42.419.150/0001-84 - APOLO TUBULARS S/A;Sim;Cons.Final;AVENIDA DOUTOR LEO DE AFFONSECA NETTO 750;JARDIM NOVO HORIZONTE;LORENA;SP;12605-720
43.033.709/0001-04 - JOSE GUIA DA SILVA;Sim;Cons.Final;ESTRADA LOBATO-CAMPINAS 26;LOBATO;SALVADOR;BA;40470-382
43.662.767/0001-99 - RB CONSORCIO;Sim;Cons.Final;FAZENDA NOSSA SENHORA DA PENHA S/NÂº;AREA RURAL DE LINHARES;LINHARES;ES;29918-899
44.186.763/0005-78 - 3R POTIGUAR SA;Não;Cons.Final;AV WILSON ROSADO DE SA SN - KM 46 BR 304 PARTE;ALTO DO SUMARE;MOSSORO;RN;59633-900
44.547.241/0001-20 - CONSORCIO DE EXPLORACAO TUC-T-139;Não;Cons.Final;RODOVIA RODOVIA VICINAL KM 11;FAZENDA VARGINHA;NOVA SOURE;BA;48460-000
45.832.752/0001-57 - NION ENERGIA SA;Não;Cons.Final;ROD BR 304 1052;ALTO DO SUMARE;MOSSORO;RN;59633-730
46.986.077/0001-83 - 4BD BUSINESS DEVELOPER LTDA;Não;Cons.Final;RUA CAMPO DE ALBACORA 484;ATLANTICA;RIO DAS OSTRAS;RJ;28895-664
47.257.632/0001-07 - PRK RENTAL LTDA;Não;Cons.Final;RUA HONOR GREGORIO SANTOS 36;GRAGERU;ARACAJU;SE;49027-130
47.851.611/0001-07 - NBS PETROLEO E GAS LTDA;Sim;Cons.Final;RUA CLARINDO FUNDAO 57;MORADA DE RIBEIRAO;SAO MATEUS;ES;29936-460
48.546.462/0001-35 - INOVAREN COMERCIAL LTDA;Não;Cons.Final;AVENIDA VISCONDE DE ALBUQUERQUE 1400;LEBLON;RIO DE JANEIRO;RJ;22450-002
48.700.902/0001-67 - RECONCAVO ENERGIA SPE S.A;Sim;Cons.Final;ESTRADA DA IMETAME SN;AREA RURAL (MONTE GORDO);CAMACARI;BA;42819-899
49.721.281/0001-60 - I. M. NAZARIO COMERCIO DE MATERIAIS;Sim;Cons.Final;RUA 31 B MORADA DO VALE 250;CALIFORNIA DA BARRA;BARRA DO PIRAI;RJ;27165-000
49.728.467/0001-41 - B L COMERCIO DE SUCATA LTDA;Não;Cons.Final;RUA LUIZ LYRIO 50;BARRA DE MACAE;MACAE;RJ;27961-070
49.958.950/0001-12 - AVODH.;Sim;Revendedor;AVENIDA ANTONIO PIRANGA 596;CENTRO;DIADEMA;SP;99111-60
49.982.513/0001-34 - VORDCAB BRASIL SERVICOS DE PERFURACAO E;Não;Cons.Final;R MARIA NECI CAMPOS MATOSO 12;BELA VISTA;MOSSORO;RN;59612-112
50.431.937/0001-90 - OIL SUPPLY LTDA;Não;Cons.Final;RUA HONOR GREGORIO SANTOS 36;GRAGERU;ARACAJU;SE;49027-130
50.692.019/0001-14 - 50.692.019 MARCIA MARILIA VIVEIROS DA SILVA SANTOS;Sim;Cons.Final;RUA ANTONIO DE MACEDO 308;SANTA RITA;MENDES;RJ;26700-000
50.981.978/0001-50 - INTREPID DO BRASIL SOCIEDADE LTDA;Sim;Cons.Final;RUA VISCONDE DE PIRAJA, 414, SALA 718;IPANEMA;RIO DE JANEIRO;RJ;22410-905
51.899.013/0001-85 - PETROWORKS DO BRASIL LTDA;Sim;Cons.Final;RUA RAIMUNDO CHAVES 2182 - SALA 501 COND EMPRESARIAL CANDELAR;CANDELARIA;MOSSORO;RN;59064-390
52.127.214/0010-18 - 3R RNCE S.A.;Sim;Cons.Final;ESTRADA MACAU A BARREIRAS 21;ZONA LITORANEA;MACAU;RN;59500-000
52.221.670/0002-12 - AZEVEDO & TRAVASSOS PETROLEO S/A;Sim;Cons.Final;SITIO SITIO RANCHO DA VELHA 2010;ZONA RURAL;MOSSORO;RN;59790-000
53.114.256/0001-96 - TUDOBOM COMERCIO DE METAIS LTDA;Não;Cons.Final;VIA DAS TORRES 646;CIA SUL;SIMOES FILHO;BA;43700-000
53.506.366/0001-01 - ALITER CONSTRUCOES E SANEAMENTO LTDA;Sim;Cons.Final;R CANTAGALO 74 - ANDAR 2 BLOCO B SALA 206;VILA GOMES CARDIM;SAO PAULO;SP;03319-900
54.093.303/0001-25 - FUNDICAO DELTA LTDA;Sim;Revendedor;AVENIDA DEPUTADO LUIZ EDUARDO MAGALHAES 2350;CENTRO;AMELIA RODRIGUES;BA;44230-000
57.937.992/0002-86 - PETRO ELITE OIL SERVICES LTDA;Sim;Cons.Final;RUA ANTONIO CONSELHEIRO, LOTE 06, QUADRA 06 S/N;POLO DE SERVICOS;DIAS D'AVILA;BA;42850-000
59.838.781/0001-30 - BL COMERCIAL OFFSHORE LTDA;Não;Cons.Final;RUA DOS UMBUS 01;MORADA DE LARANJEIRAS;SERRA;ES;29166-836
60.435.351/0019-86 - DOW BRASIL INDUSTRIA E COMERCIO DE PRODU;Não;Cons.Final;FAZENDA CABOTO GUARA SN - FAZENDA;ILHA DE MATARANDIBA;VERA CRUZ;BA;44470-000
60.701.190/0001-04 - ITAU UNIBANCO S.A.;Não;Cons.Final;PRACA ALFREDO EGYDIO DE SOUZA ARANHA 100;PARQUE JABAQUARA;SAO PAULO;SP;04344-902
61.329.181/0005-12 - ETESCO CONSTRUCOES E COMERCIO LTDA;Sim;Cons.Final;RODOVIA MANOEL DO PRADO FRANCO S/N;ARATU;NOSSA SENHORA DO SOCORRO;SE;49164-899
61.479.002/0001-08 - VOESTALPINE BOHLER WELDING SOLDAS DO BRA;Sim;Cons.Final;RUA ARNALDO MAGNICCARO, 371;;SAO PAULO;SP;04691-060
73.864.233/0001-06 - HIDREL ENGENHARIA LTDA;Não;Cons.Final;RUA DEPUTADO RAIMUNDO LEAL 06 - LOTE: 06 QUADRA: 51;JARDIM ELDORADO;SAO LUIS;MA;65066-635
74.140.070/0001-81 - SIGMARHOH DO BRASIL LTDA;Sim;Cons.Final;R PREFEITO HORACIO SOUZA LIMA 88;ROSA ELZE;SAO CRISTOVAO;SE;49100-000
77.641.876/0001-41 - HIDROINGA POCOS ARTESIANOS LTDA;Sim;Cons.Final;RODOVIA PR-317 KM 102 3029;PARQUE INDUSTRIAL;MARINGA;PR;87065-005
83.646.547/0017-53 - GEOSOL - GEOLOGIA E SONDAGENS S/A;Não;Cons.Final;RUA SAO VICENTE 255;OLHOS DAGUA;BELO HORIZONTE;MG;30390-570
87.972.063/0001-98 - HIDROGEO PERFURACOES LTDA;Sim;Cons.Final;RUA BERTO CIRIO 979;VILA SAO LUIS;CANOAS;RS;92420-030
91.851.154/0001-42 - HIDROPEL-HIDROGEOLOGIA E PERFURACOES LTD;Sim;Cons.Final;RUA JOSE ZALESKI 658;CAPAO RASO;CURITIBA;PR;81130-060
